Provincias;Ramas de actividad;periodo;Total
02 Albacete;PRODUCTO INTERIOR BRUTO A PRECIOS DE MERCADO;2021(P);8.663.814
02 Albacete;A. Agricultura, ganadería, silvicultura y pesca;2021(P);884.324
02 Albacete;B_E. Industrias extractivas, industria manufacturera, suministro de energía eléctrica, gas, vapor y aire acondicionado, suministro de agua, actividades de saneamiento, gestión de residuos y descontaminación;2021(P);1.397.006
02 Albacete;C. - De las cuales: Industria manufacturera;2021(P);1.018.831
02 Albacete;F. Construcción;2021(P);465.911
02 Albacete;G_J. Comercio al por mayor y al por menor, reparación de vehículos de motor y motocicletas, transporte y almacenamiento, hostelería, información y comunicaciones;2021(P);1.559.382
02 Albacete;K_N. Actividades financieras y de seguros, actividades inmobiliarias, actividades profesionales, científicas y técnicas, actividades administrativas y servicios auxiliares;2021(P);1.440.261
02 Albacete;O_U. Administración pública y defensa, seguridad social obligatoria, educación, actividades sanitarias y de servicios sociales, actividades artísticas, recreativas y de entretenimiento, reparación de artículos de uso doméstico y otros servicios;2021(P);2.091.603
02 Albacete;Valor añadido bruto total;2021(P);7.838.487
02 Albacete;Impuestos netos sobre los productos;2021(P);825.327
02 Albacete;PRODUCTO INTERIOR BRUTO A PRECIOS DE MERCADO;2021(P);8.663.814
03 Alicante/Alacant;PRODUCTO INTERIOR BRUTO A PRECIOS DE MERCADO;2021(P);37.279.735
03 Alicante/Alacant;A. Agricultura, ganadería, silvicultura y pesca;2021(P);547.312
03 Alicante/Alacant;B_E. Industrias extractivas, industria manufacturera, suministro de energía eléctrica, gas, vapor y aire acondicionado, suministro de agua, actividades de saneamiento, gestión de residuos y descontaminación;2021(P);3.627.964
03 Alicante/Alacant;C. - De las cuales: Industria manufacturera;2021(P);2.916.222
03 Alicante/Alacant;F. Construcción;2021(P);2.556.047
03 Alicante/Alacant;G_J. Comercio al por mayor y al por menor, reparación de vehículos de motor y motocicletas, transporte y almacenamiento, hostelería, información y comunicaciones;2021(P);9.851.680
03 Alicante/Alacant;K_N. Actividades financieras y de seguros, actividades inmobiliarias, actividades profesionales, científicas y técnicas, actividades administrativas y servicios auxiliares;2021(P);8.929.332
03 Alicante/Alacant;O_U. Administración pública y defensa, seguridad social obligatoria, educación, actividades sanitarias y de servicios sociales, actividades artísticas, recreativas y de entretenimiento, reparación de artículos de uso doméstico y otros servicios;2021(P);8.216.082
03 Alicante/Alacant;Valor añadido bruto total;2021(P);33.728.417
03 Alicante/Alacant;Impuestos netos sobre los productos;2021(P);3.551.318
03 Alicante/Alacant;PRODUCTO INTERIOR BRUTO A PRECIOS DE MERCADO;2021(P);37.279.735
04 Almería;PRODUCTO INTERIOR BRUTO A PRECIOS DE MERCADO;2021(P);15.659.622
04 Almería;A. Agricultura, ganadería, silvicultura y pesca;2021(P);2.443.690
04 Almería;B_E. Industrias extractivas, industria manufacturera, suministro de energía eléctrica, gas, vapor y aire acondicionado, suministro de agua, actividades de saneamiento, gestión de residuos y descontaminación;2021(P);1.348.695
04 Almería;C. - De las cuales: Industria manufacturera;2021(P);1.020.119
04 Almería;F. Construcción;2021(P);723.957
04 Almería;G_J. Comercio al por mayor y al por menor, reparación de vehículos de motor y motocicletas, transporte y almacenamiento, hostelería, información y comunicaciones;2021(P);3.793.774
04 Almería;K_N. Actividades financieras y de seguros, actividades inmobiliarias, actividades profesionales, científicas y técnicas, actividades administrativas y servicios auxiliares;2021(P);2.816.431
04 Almería;O_U. Administración pública y defensa, seguridad social obligatoria, educación, actividades sanitarias y de servicios sociales, actividades artísticas, recreativas y de entretenimiento, reparación de artículos de uso doméstico y otros servicios;2021(P);3.041.318
04 Almería;Valor añadido bruto total;2021(P);14.167.865
04 Almería;Impuestos netos sobre los productos;2021(P);1.491.757
04 Almería;PRODUCTO INTERIOR BRUTO A PRECIOS DE MERCADO;2021(P);15.659.622
01 Araba/Álava;PRODUCTO INTERIOR BRUTO A PRECIOS DE MERCADO;2021(P);12.939.983
01 Araba/Álava;A. Agricultura, ganadería, silvicultura y pesca;2021(P);201.362
01 Araba/Álava;B_E. Industrias extractivas, industria manufacturera, suministro de energía eléctrica, gas, vapor y aire acondicionado, suministro de agua, actividades de saneamiento, gestión de residuos y descontaminación;2021(P);3.832.143
01 Araba/Álava;C. - De las cuales: Industria manufacturera;2021(P);3.473.573
01 Araba/Álava;F. Construcción;2021(P);400.677
01 Araba/Álava;G_J. Comercio al por mayor y al por menor, reparación de vehículos de motor y motocicletas, transporte y almacenamiento, hostelería, información y comunicaciones;2021(P);1.946.392
01 Araba/Álava;K_N. Actividades financieras y de seguros, actividades inmobiliarias, actividades profesionales, científicas y técnicas, actividades administrativas y servicios auxiliares;2021(P);2.434.844
01 Araba/Álava;O_U. Administración pública y defensa, seguridad social obligatoria, educación, actividades sanitarias y de servicios sociales, actividades artísticas, recreativas y de entretenimiento, reparación de artículos de uso doméstico y otros servicios;2021(P);2.891.885
01 Araba/Álava;Valor añadido bruto total;2021(P);11.707.303
01 Araba/Álava;Impuestos netos sobre los productos;2021(P);1.232.680
01 Araba/Álava;PRODUCTO INTERIOR BRUTO A PRECIOS DE MERCADO;2021(P);12.939.983
33 Asturias;PRODUCTO INTERIOR BRUTO A PRECIOS DE MERCADO;2021(P);23.549.659
33 Asturias;A. Agricultura, ganadería, silvicultura y pesca;2021(P);306.301
33 Asturias;B_E. Industrias extractivas, industria manufacturera, suministro de energía eléctrica, gas, vapor y aire acondicionado, suministro de agua, actividades de saneamiento, gestión de residuos y descontaminación;2021(P);4.572.369
33 Asturias;C. - De las cuales: Industria manufacturera;2021(P);3.118.701
33 Asturias;F. Construcción;2021(P);1.392.272
33 Asturias;G_J. Comercio al por mayor y al por menor, reparación de vehículos de motor y motocicletas, transporte y almacenamiento, hostelería, información y comunicaciones;2021(P);4.867.794
33 Asturias;K_N. Actividades financieras y de seguros, actividades inmobiliarias, actividades profesionales, científicas y técnicas, actividades administrativas y servicios auxiliares;2021(P);5.075.288
33 Asturias;O_U. Administración pública y defensa, seguridad social obligatoria, educación, actividades sanitarias y de servicios sociales, actividades artísticas, recreativas y de entretenimiento, reparación de artículos de uso doméstico y otros servicios;2021(P);5.092.263
33 Asturias;Valor añadido bruto total;2021(P);21.306.287
33 Asturias;Impuestos netos sobre los productos;2021(P);2.243.372
33 Asturias;PRODUCTO INTERIOR BRUTO A PRECIOS DE MERCADO;2021(P);23.549.659
05 Ávila;PRODUCTO INTERIOR BRUTO A PRECIOS DE MERCADO;2021(P);3.300.110
05 Ávila;A. Agricultura, ganadería, silvicultura y pesca;2021(P);141.202
05 Ávila;B_E. Industrias extractivas, industria manufacturera, suministro de energía eléctrica, gas, vapor y aire acondicionado, suministro de agua, actividades de saneamiento, gestión de residuos y descontaminación;2021(P);324.441
05 Ávila;C. - De las cuales: Industria manufacturera;2021(P);251.439
05 Ávila;F. Construcción;2021(P);266.759
05 Ávila;G_J. Comercio al por mayor y al por menor, reparación de vehículos de motor y motocicletas, transporte y almacenamiento, hostelería, información y comunicaciones;2021(P);645.518
05 Ávila;K_N. Actividades financieras y de seguros, actividades inmobiliarias, actividades profesionales, científicas y técnicas, actividades administrativas y servicios auxiliares;2021(P);678.479
05 Ávila;O_U. Administración pública y defensa, seguridad social obligatoria, educación, actividades sanitarias y de servicios sociales, actividades artísticas, recreativas y de entretenimiento, reparación de artículos de uso doméstico y otros servicios;2021(P);929.338
05 Ávila;Valor añadido bruto total;2021(P);2.985.737
05 Ávila;Impuestos netos sobre los productos;2021(P);314.373
05 Ávila;PRODUCTO INTERIOR BRUTO A PRECIOS DE MERCADO;2021(P);3.300.110
06 Badajoz;PRODUCTO INTERIOR BRUTO A PRECIOS DE MERCADO;2021(P);12.723.211
06 Badajoz;A. Agricultura, ganadería, silvicultura y pesca;2021(P);1.114.803
06 Badajoz;B_E. Industrias extractivas, industria manufacturera, suministro de energía eléctrica, gas, vapor y aire acondicionado, suministro de agua, actividades de saneamiento, gestión de residuos y descontaminación;2021(P);1.424.693
06 Badajoz;C. - De las cuales: Industria manufacturera;2021(P);989.504
06 Badajoz;F. Construcción;2021(P);712.482
06 Badajoz;G_J. Comercio al por mayor y al por menor, reparación de vehículos de motor y motocicletas, transporte y almacenamiento, hostelería, información y comunicaciones;2021(P);2.239.124
06 Badajoz;K_N. Actividades financieras y de seguros, actividades inmobiliarias, actividades profesionales, científicas y técnicas, actividades administrativas y servicios auxiliares;2021(P);2.390.063
06 Badajoz;O_U. Administración pública y defensa, seguridad social obligatoria, educación, actividades sanitarias y de servicios sociales, actividades artísticas, recreativas y de entretenimiento, reparación de artículos de uso doméstico y otros servicios;2021(P);3.630.016
06 Badajoz;Valor añadido bruto total;2021(P);11.511.181
06 Badajoz;Impuestos netos sobre los productos;2021(P);1.212.030
06 Badajoz;PRODUCTO INTERIOR BRUTO A PRECIOS DE MERCADO;2021(P);12.723.211
07 Balears, Illes;PRODUCTO INTERIOR BRUTO A PRECIOS DE MERCADO;2021(P);30.031.668
07 Balears, Illes;A. Agricultura, ganadería, silvicultura y pesca;2021(P);154.128
07 Balears, Illes;B_E. Industrias extractivas, industria manufacturera, suministro de energía eléctrica, gas, vapor y aire acondicionado, suministro de agua, actividades de saneamiento, gestión de residuos y descontaminación;2021(P);1.806.386
07 Balears, Illes;C. - De las cuales: Industria manufacturera;2021(P);775.341
07 Balears, Illes;F. Construcción;2021(P);2.146.768
07 Balears, Illes;G_J. Comercio al por mayor y al por menor, reparación de vehículos de motor y motocicletas, transporte y almacenamiento, hostelería, información y comunicaciones;2021(P);8.876.564
07 Balears, Illes;K_N. Actividades financieras y de seguros, actividades inmobiliarias, actividades profesionales, científicas y técnicas, actividades administrativas y servicios auxiliares;2021(P);8.116.266
07 Balears, Illes;O_U. Administración pública y defensa, seguridad social obligatoria, educación, actividades sanitarias y de servicios sociales, actividades artísticas, recreativas y de entretenimiento, reparación de artículos de uso doméstico y otros servicios;2021(P);6.070.699
07 Balears, Illes;Valor añadido bruto total;2021(P);27.170.811
07 Balears, Illes;Impuestos netos sobre los productos;2021(P);2.860.857
07 Balears, Illes;PRODUCTO INTERIOR BRUTO A PRECIOS DE MERCADO;2021(P);30.031.668
08 Barcelona;PRODUCTO INTERIOR BRUTO A PRECIOS DE MERCADO;2021(P);173.721.885
08 Barcelona;A. Agricultura, ganadería, silvicultura y pesca;2021(P);723.577
08 Barcelona;B_E. Industrias extractivas, industria manufacturera, suministro de energía eléctrica, gas, vapor y aire acondicionado, suministro de agua, actividades de saneamiento, gestión de residuos y descontaminación;2021(P);32.134.195
08 Barcelona;C. - De las cuales: Industria manufacturera;2021(P);27.764.672
08 Barcelona;F. Construcción;2021(P);7.393.843
08 Barcelona;G_J. Comercio al por mayor y al por menor, reparación de vehículos de motor y motocicletas, transporte y almacenamiento, hostelería, información y comunicaciones;2021(P);42.489.644
08 Barcelona;K_N. Actividades financieras y de seguros, actividades inmobiliarias, actividades profesionales, científicas y técnicas, actividades administrativas y servicios auxiliares;2021(P);42.975.113
08 Barcelona;O_U. Administración pública y defensa, seguridad social obligatoria, educación, actividades sanitarias y de servicios sociales, actividades artísticas, recreativas y de entretenimiento, reparación de artículos de uso doméstico y otros servicios;2021(P);31.456.531
08 Barcelona;Valor añadido bruto total;2021(P);157.172.903
08 Barcelona;Impuestos netos sobre los productos;2021(P);16.548.982
08 Barcelona;PRODUCTO INTERIOR BRUTO A PRECIOS DE MERCADO;2021(P);173.721.885
48 Bizkaia;PRODUCTO INTERIOR BRUTO A PRECIOS DE MERCADO;2021(P);35.446.900
48 Bizkaia;A. Agricultura, ganadería, silvicultura y pesca;2021(P);70.267
48 Bizkaia;B_E. Industrias extractivas, industria manufacturera, suministro de energía eléctrica, gas, vapor y aire acondicionado, suministro de agua, actividades de saneamiento, gestión de residuos y descontaminación;2021(P);6.216.317
48 Bizkaia;C. - De las cuales: Industria manufacturera;2021(P);4.877.367
48 Bizkaia;F. Construcción;2021(P);2.531.960
48 Bizkaia;G_J. Comercio al por mayor y al por menor, reparación de vehículos de motor y motocicletas, transporte y almacenamiento, hostelería, información y comunicaciones;2021(P);7.637.754
48 Bizkaia;K_N. Actividades financieras y de seguros, actividades inmobiliarias, actividades profesionales, científicas y técnicas, actividades administrativas y servicios auxiliares;2021(P);8.394.418
48 Bizkaia;O_U. Administración pública y defensa, seguridad social obligatoria, educación, actividades sanitarias y de servicios sociales, actividades artísticas, recreativas y de entretenimiento, reparación de artículos de uso doméstico y otros servicios;2021(P);7.219.464
48 Bizkaia;Valor añadido bruto total;2021(P);32.070.180
48 Bizkaia;Impuestos netos sobre los productos;2021(P);3.376.720
48 Bizkaia;PRODUCTO INTERIOR BRUTO A PRECIOS DE MERCADO;2021(P);35.446.900
09 Burgos;PRODUCTO INTERIOR BRUTO A PRECIOS DE MERCADO;2021(P);10.276.704
09 Burgos;A. Agricultura, ganadería, silvicultura y pesca;2021(P);537.609
09 Burgos;B_E. Industrias extractivas, industria manufacturera, suministro de energía eléctrica, gas, vapor y aire acondicionado, suministro de agua, actividades de saneamiento, gestión de residuos y descontaminación;2021(P);2.948.934
09 Burgos;C. - De las cuales: Industria manufacturera;2021(P);2.524.749
09 Burgos;F. Construcción;2021(P);527.010
09 Burgos;G_J. Comercio al por mayor y al por menor, reparación de vehículos de motor y motocicletas, transporte y almacenamiento, hostelería, información y comunicaciones;2021(P);1.630.774
09 Burgos;K_N. Actividades financieras y de seguros, actividades inmobiliarias, actividades profesionales, científicas y técnicas, actividades administrativas y servicios auxiliares;2021(P);1.738.882
09 Burgos;O_U. Administración pública y defensa, seguridad social obligatoria, educación, actividades sanitarias y de servicios sociales, actividades artísticas, recreativas y de entretenimiento, reparación de artículos de uso doméstico y otros servicios;2021(P);1.914.522
09 Burgos;Valor añadido bruto total;2021(P);9.297.731
09 Burgos;Impuestos netos sobre los productos;2021(P);978.973
09 Burgos;PRODUCTO INTERIOR BRUTO A PRECIOS DE MERCADO;2021(P);10.276.704
10 Cáceres;PRODUCTO INTERIOR BRUTO A PRECIOS DE MERCADO;2021(P);7.926.526
10 Cáceres;A. Agricultura, ganadería, silvicultura y pesca;2021(P);539.289
10 Cáceres;B_E. Industrias extractivas, industria manufacturera, suministro de energía eléctrica, gas, vapor y aire acondicionado, suministro de agua, actividades de saneamiento, gestión de residuos y descontaminación;2021(P);1.314.786
10 Cáceres;C. - De las cuales: Industria manufacturera;2021(P);304.861
10 Cáceres;F. Construcción;2021(P);595.778
10 Cáceres;G_J. Comercio al por mayor y al por menor, reparación de vehículos de motor y motocicletas, transporte y almacenamiento, hostelería, información y comunicaciones;2021(P);1.230.075
10 Cáceres;K_N. Actividades financieras y de seguros, actividades inmobiliarias, actividades profesionales, científicas y técnicas, actividades administrativas y servicios auxiliares;2021(P);1.393.426
10 Cáceres;O_U. Administración pública y defensa, seguridad social obligatoria, educación, actividades sanitarias y de servicios sociales, actividades artísticas, recreativas y de entretenimiento, reparación de artículos de uso doméstico y otros servicios;2021(P);2.098.080
10 Cáceres;Valor añadido bruto total;2021(P);7.171.434
10 Cáceres;Impuestos netos sobre los productos;2021(P);755.092
10 Cáceres;PRODUCTO INTERIOR BRUTO A PRECIOS DE MERCADO;2021(P);7.926.526
11 Cádiz;PRODUCTO INTERIOR BRUTO A PRECIOS DE MERCADO;2021(P);22.635.742
11 Cádiz;A. Agricultura, ganadería, silvicultura y pesca;2021(P);590.182
11 Cádiz;B_E. Industrias extractivas, industria manufacturera, suministro de energía eléctrica, gas, vapor y aire acondicionado, suministro de agua, actividades de saneamiento, gestión de residuos y descontaminación;2021(P);2.965.350
11 Cádiz;C. - De las cuales: Industria manufacturera;2021(P);1.903.996
11 Cádiz;F. Construcción;2021(P);1.228.858
11 Cádiz;G_J. Comercio al por mayor y al por menor, reparación de vehículos de motor y motocicletas, transporte y almacenamiento, hostelería, información y comunicaciones;2021(P);4.713.925
11 Cádiz;K_N. Actividades financieras y de seguros, actividades inmobiliarias, actividades profesionales, científicas y técnicas, actividades administrativas y servicios auxiliares;2021(P);4.743.273
11 Cádiz;O_U. Administración pública y defensa, seguridad social obligatoria, educación, actividades sanitarias y de servicios sociales, actividades artísticas, recreativas y de entretenimiento, reparación de artículos de uso doméstico y otros servicios;2021(P);6.237.843
11 Cádiz;Valor añadido bruto total;2021(P);20.479.431
11 Cádiz;Impuestos netos sobre los productos;2021(P);2.156.311
11 Cádiz;PRODUCTO INTERIOR BRUTO A PRECIOS DE MERCADO;2021(P);22.635.742
39 Cantabria;PRODUCTO INTERIOR BRUTO A PRECIOS DE MERCADO;2021(P);14.022.067
39 Cantabria;A. Agricultura, ganadería, silvicultura y pesca;2021(P);185.011
39 Cantabria;B_E. Industrias extractivas, industria manufacturera, suministro de energía eléctrica, gas, vapor y aire acondicionado, suministro de agua, actividades de saneamiento, gestión de residuos y descontaminación;2021(P);2.834.352
39 Cantabria;C. - De las cuales: Industria manufacturera;2021(P);2.264.179
39 Cantabria;F. Construcción;2021(P);824.530
39 Cantabria;G_J. Comercio al por mayor y al por menor, reparación de vehículos de motor y motocicletas, transporte y almacenamiento, hostelería, información y comunicaciones;2021(P);2.693.982
39 Cantabria;K_N. Actividades financieras y de seguros, actividades inmobiliarias, actividades profesionales, científicas y técnicas, actividades administrativas y servicios auxiliares;2021(P);3.078.541
39 Cantabria;O_U. Administración pública y defensa, seguridad social obligatoria, educación, actividades sanitarias y de servicios sociales, actividades artísticas, recreativas y de entretenimiento, reparación de artículos de uso doméstico y otros servicios;2021(P);3.069.890
39 Cantabria;Valor añadido bruto total;2021(P);12.686.306
39 Cantabria;Impuestos netos sobre los productos;2021(P);1.335.761
39 Cantabria;PRODUCTO INTERIOR BRUTO A PRECIOS DE MERCADO;2021(P);14.022.067
12 Castellón/Castelló;PRODUCTO INTERIOR BRUTO A PRECIOS DE MERCADO;2021(P);16.147.043
12 Castellón/Castelló;A. Agricultura, ganadería, silvicultura y pesca;2021(P);429.078
12 Castellón/Castelló;B_E. Industrias extractivas, industria manufacturera, suministro de energía eléctrica, gas, vapor y aire acondicionado, suministro de agua, actividades de saneamiento, gestión de residuos y descontaminación;2021(P);5.233.733
12 Castellón/Castelló;C. - De las cuales: Industria manufacturera;2021(P);4.811.949
12 Castellón/Castelló;F. Construcción;2021(P);758.542
12 Castellón/Castelló;G_J. Comercio al por mayor y al por menor, reparación de vehículos de motor y motocicletas, transporte y almacenamiento, hostelería, información y comunicaciones;2021(P);2.930.316
12 Castellón/Castelló;K_N. Actividades financieras y de seguros, actividades inmobiliarias, actividades profesionales, científicas y técnicas, actividades administrativas y servicios auxiliares;2021(P);2.748.923
12 Castellón/Castelló;O_U. Administración pública y defensa, seguridad social obligatoria, educación, actividades sanitarias y de servicios sociales, actividades artísticas, recreativas y de entretenimiento, reparación de artículos de uso doméstico y otros servicios;2021(P);2.508.262
12 Castellón/Castelló;Valor añadido bruto total;2021(P);14.608.854
12 Castellón/Castelló;Impuestos netos sobre los productos;2021(P);1.538.189
12 Castellón/Castelló;PRODUCTO INTERIOR BRUTO A PRECIOS DE MERCADO;2021(P);16.147.043
13 Ciudad Real;PRODUCTO INTERIOR BRUTO A PRECIOS DE MERCADO;2021(P);10.832.838
13 Ciudad Real;A. Agricultura, ganadería, silvicultura y pesca;2021(P);962.771
13 Ciudad Real;B_E. Industrias extractivas, industria manufacturera, suministro de energía eléctrica, gas, vapor y aire acondicionado, suministro de agua, actividades de saneamiento, gestión de residuos y descontaminación;2021(P);1.830.190
13 Ciudad Real;C. - De las cuales: Industria manufacturera;2021(P);1.547.223
13 Ciudad Real;F. Construcción;2021(P);660.968
13 Ciudad Real;G_J. Comercio al por mayor y al por menor, reparación de vehículos de motor y motocicletas, transporte y almacenamiento, hostelería, información y comunicaciones;2021(P);2.003.563
13 Ciudad Real;K_N. Actividades financieras y de seguros, actividades inmobiliarias, actividades profesionales, científicas y técnicas, actividades administrativas y servicios auxiliares;2021(P);1.715.384
13 Ciudad Real;O_U. Administración pública y defensa, seguridad social obligatoria, educación, actividades sanitarias y de servicios sociales, actividades artísticas, recreativas y de entretenimiento, reparación de artículos de uso doméstico y otros servicios;2021(P);2.628.011
13 Ciudad Real;Valor añadido bruto total;2021(P);9.800.887
13 Ciudad Real;Impuestos netos sobre los productos;2021(P);1.031.951
13 Ciudad Real;PRODUCTO INTERIOR BRUTO A PRECIOS DE MERCADO;2021(P);10.832.838
14 Córdoba;PRODUCTO INTERIOR BRUTO A PRECIOS DE MERCADO;2021(P);14.616.131
14 Córdoba;A. Agricultura, ganadería, silvicultura y pesca;2021(P);1.495.086
14 Córdoba;B_E. Industrias extractivas, industria manufacturera, suministro de energía eléctrica, gas, vapor y aire acondicionado, suministro de agua, actividades de saneamiento, gestión de residuos y descontaminación;2021(P);1.519.904
14 Córdoba;C. - De las cuales: Industria manufacturera;2021(P);1.230.162
14 Córdoba;F. Construcción;2021(P);780.631
14 Córdoba;G_J. Comercio al por mayor y al por menor, reparación de vehículos de motor y motocicletas, transporte y almacenamiento, hostelería, información y comunicaciones;2021(P);2.674.401
14 Córdoba;K_N. Actividades financieras y de seguros, actividades inmobiliarias, actividades profesionales, científicas y técnicas, actividades administrativas y servicios auxiliares;2021(P);2.786.778
14 Córdoba;O_U. Administración pública y defensa, seguridad social obligatoria, educación, actividades sanitarias y de servicios sociales, actividades artísticas, recreativas y de entretenimiento, reparación de artículos de uso doméstico y otros servicios;2021(P);3.966.979
14 Córdoba;Valor añadido bruto total;2021(P);13.223.779
14 Córdoba;Impuestos netos sobre los productos;2021(P);1.392.352
14 Córdoba;PRODUCTO INTERIOR BRUTO A PRECIOS DE MERCADO;2021(P);14.616.131
15 Coruña, A;PRODUCTO INTERIOR BRUTO A PRECIOS DE MERCADO;2021(P);27.347.965
15 Coruña, A;A. Agricultura, ganadería, silvicultura y pesca;2021(P);971.640
15 Coruña, A;B_E. Industrias extractivas, industria manufacturera, suministro de energía eléctrica, gas, vapor y aire acondicionado, suministro de agua, actividades de saneamiento, gestión de residuos y descontaminación;2021(P);3.953.030
15 Coruña, A;C. - De las cuales: Industria manufacturera;2021(P);2.597.552
15 Coruña, A;F. Construcción;2021(P);1.762.785
15 Coruña, A;G_J. Comercio al por mayor y al por menor, reparación de vehículos de motor y motocicletas, transporte y almacenamiento, hostelería, información y comunicaciones;2021(P);6.169.564
15 Coruña, A;K_N. Actividades financieras y de seguros, actividades inmobiliarias, actividades profesionales, científicas y técnicas, actividades administrativas y servicios auxiliares;2021(P);5.622.858
15 Coruña, A;O_U. Administración pública y defensa, seguridad social obligatoria, educación, actividades sanitarias y de servicios sociales, actividades artísticas, recreativas y de entretenimiento, reparación de artículos de uso doméstico y otros servicios;2021(P);6.262.883
15 Coruña, A;Valor añadido bruto total;2021(P);24.742.760
15 Coruña, A;Impuestos netos sobre los productos;2021(P);2.605.205
15 Coruña, A;PRODUCTO INTERIOR BRUTO A PRECIOS DE MERCADO;2021(P);27.347.965
16 Cuenca;PRODUCTO INTERIOR BRUTO A PRECIOS DE MERCADO;2021(P);4.594.001
16 Cuenca;A. Agricultura, ganadería, silvicultura y pesca;2021(P);757.799
16 Cuenca;B_E. Industrias extractivas, industria manufacturera, suministro de energía eléctrica, gas, vapor y aire acondicionado, suministro de agua, actividades de saneamiento, gestión de residuos y descontaminación;2021(P);513.832
16 Cuenca;C. - De las cuales: Industria manufacturera;2021(P);288.247
16 Cuenca;F. Construcción;2021(P);273.704
16 Cuenca;G_J. Comercio al por mayor y al por menor, reparación de vehículos de motor y motocicletas, transporte y almacenamiento, hostelería, información y comunicaciones;2021(P);987.352
16 Cuenca;K_N. Actividades financieras y de seguros, actividades inmobiliarias, actividades profesionales, científicas y técnicas, actividades administrativas y servicios auxiliares;2021(P);671.677
16 Cuenca;O_U. Administración pública y defensa, seguridad social obligatoria, educación, actividades sanitarias y de servicios sociales, actividades artísticas, recreativas y de entretenimiento, reparación de artículos de uso doméstico y otros servicios;2021(P);952.006
16 Cuenca;Valor añadido bruto total;2021(P);4.156.370
16 Cuenca;Impuestos netos sobre los productos;2021(P);437.631
16 Cuenca;PRODUCTO INTERIOR BRUTO A PRECIOS DE MERCADO;2021(P);4.594.001
20 Gipuzkoa;PRODUCTO INTERIOR BRUTO A PRECIOS DE MERCADO;2021(P);23.839.000
20 Gipuzkoa;A. Agricultura, ganadería, silvicultura y pesca;2021(P);91.933
20 Gipuzkoa;B_E. Industrias extractivas, industria manufacturera, suministro de energía eléctrica, gas, vapor y aire acondicionado, suministro de agua, actividades de saneamiento, gestión de residuos y descontaminación;2021(P);5.921.660
20 Gipuzkoa;C. - De las cuales: Industria manufacturera;2021(P);5.534.807
20 Gipuzkoa;F. Construcción;2021(P);1.186.543
20 Gipuzkoa;G_J. Comercio al por mayor y al por menor, reparación de vehículos de motor y motocicletas, transporte y almacenamiento, hostelería, información y comunicaciones;2021(P);4.963.137
20 Gipuzkoa;K_N. Actividades financieras y de seguros, actividades inmobiliarias, actividades profesionales, científicas y técnicas, actividades administrativas y servicios auxiliares;2021(P);4.743.611
20 Gipuzkoa;O_U. Administración pública y defensa, seguridad social obligatoria, educación, actividades sanitarias y de servicios sociales, actividades artísticas, recreativas y de entretenimiento, reparación de artículos de uso doméstico y otros servicios;2021(P);4.661.181
20 Gipuzkoa;Valor añadido bruto total;2021(P);21.568.065
20 Gipuzkoa;Impuestos netos sobre los productos;2021(P);2.270.935
20 Gipuzkoa;PRODUCTO INTERIOR BRUTO A PRECIOS DE MERCADO;2021(P);23.839.000
17 Girona;PRODUCTO INTERIOR BRUTO A PRECIOS DE MERCADO;2021(P);21.355.174
17 Girona;A. Agricultura, ganadería, silvicultura y pesca;2021(P);504.047
17 Girona;B_E. Industrias extractivas, industria manufacturera, suministro de energía eléctrica, gas, vapor y aire acondicionado, suministro de agua, actividades de saneamiento, gestión de residuos y descontaminación;2021(P);2.877.101
17 Girona;C. - De las cuales: Industria manufacturera;2021(P);2.443.136
17 Girona;F. Construcción;2021(P);1.382.527
17 Girona;G_J. Comercio al por mayor y al por menor, reparación de vehículos de motor y motocicletas, transporte y almacenamiento, hostelería, información y comunicaciones;2021(P);5.538.267
17 Girona;K_N. Actividades financieras y de seguros, actividades inmobiliarias, actividades profesionales, científicas y técnicas, actividades administrativas y servicios auxiliares;2021(P);5.196.307
17 Girona;O_U. Administración pública y defensa, seguridad social obligatoria, educación, actividades sanitarias y de servicios sociales, actividades artísticas, recreativas y de entretenimiento, reparación de artículos de uso doméstico y otros servicios;2021(P);3.822.602
17 Girona;Valor añadido bruto total;2021(P);19.320.851
17 Girona;Impuestos netos sobre los productos;2021(P);2.034.323
17 Girona;PRODUCTO INTERIOR BRUTO A PRECIOS DE MERCADO;2021(P);21.355.174
18 Granada;PRODUCTO INTERIOR BRUTO A PRECIOS DE MERCADO;2021(P);17.140.505
18 Granada;A. Agricultura, ganadería, silvicultura y pesca;2021(P);1.088.230
18 Granada;B_E. Industrias extractivas, industria manufacturera, suministro de energía eléctrica, gas, vapor y aire acondicionado, suministro de agua, actividades de saneamiento, gestión de residuos y descontaminación;2021(P);1.549.956
18 Granada;C. - De las cuales: Industria manufacturera;2021(P);713.568
18 Granada;F. Construcción;2021(P);900.062
18 Granada;G_J. Comercio al por mayor y al por menor, reparación de vehículos de motor y motocicletas, transporte y almacenamiento, hostelería, información y comunicaciones;2021(P);3.580.557
18 Granada;K_N. Actividades financieras y de seguros, actividades inmobiliarias, actividades profesionales, científicas y técnicas, actividades administrativas y servicios auxiliares;2021(P);3.743.645
18 Granada;O_U. Administración pública y defensa, seguridad social obligatoria, educación, actividades sanitarias y de servicios sociales, actividades artísticas, recreativas y de entretenimiento, reparación de artículos de uso doméstico y otros servicios;2021(P);4.645.227
18 Granada;Valor añadido bruto total;2021(P);15.507.677
18 Granada;Impuestos netos sobre los productos;2021(P);1.632.828
18 Granada;PRODUCTO INTERIOR BRUTO A PRECIOS DE MERCADO;2021(P);17.140.505
19 Guadalajara;PRODUCTO INTERIOR BRUTO A PRECIOS DE MERCADO;2021(P);5.502.747
19 Guadalajara;A. Agricultura, ganadería, silvicultura y pesca;2021(P);219.859
19 Guadalajara;B_E. Industrias extractivas, industria manufacturera, suministro de energía eléctrica, gas, vapor y aire acondicionado, suministro de agua, actividades de saneamiento, gestión de residuos y descontaminación;2021(P);1.389.705
19 Guadalajara;C. - De las cuales: Industria manufacturera;2021(P);826.448
19 Guadalajara;F. Construcción;2021(P);256.396
19 Guadalajara;G_J. Comercio al por mayor y al por menor, reparación de vehículos de motor y motocicletas, transporte y almacenamiento, hostelería, información y comunicaciones;2021(P);870.770
19 Guadalajara;K_N. Actividades financieras y de seguros, actividades inmobiliarias, actividades profesionales, científicas y técnicas, actividades administrativas y servicios auxiliares;2021(P);1.101.430
19 Guadalajara;O_U. Administración pública y defensa, seguridad social obligatoria, educación, actividades sanitarias y de servicios sociales, actividades artísticas, recreativas y de entretenimiento, reparación de artículos de uso doméstico y otros servicios;2021(P);1.140.388
19 Guadalajara;Valor añadido bruto total;2021(P);4.978.548
19 Guadalajara;Impuestos netos sobre los productos;2021(P);524.199
19 Guadalajara;PRODUCTO INTERIOR BRUTO A PRECIOS DE MERCADO;2021(P);5.502.747
21 Huelva;PRODUCTO INTERIOR BRUTO A PRECIOS DE MERCADO;2021(P);10.763.135
21 Huelva;A. Agricultura, ganadería, silvicultura y pesca;2021(P);887.316
21 Huelva;B_E. Industrias extractivas, industria manufacturera, suministro de energía eléctrica, gas, vapor y aire acondicionado, suministro de agua, actividades de saneamiento, gestión de residuos y descontaminación;2021(P);2.134.574
21 Huelva;C. - De las cuales: Industria manufacturera;2021(P);1.000.517
21 Huelva;F. Construcción;2021(P);485.002
21 Huelva;G_J. Comercio al por mayor y al por menor, reparación de vehículos de motor y motocicletas, transporte y almacenamiento, hostelería, información y comunicaciones;2021(P);1.793.457
21 Huelva;K_N. Actividades financieras y de seguros, actividades inmobiliarias, actividades profesionales, científicas y técnicas, actividades administrativas y servicios auxiliares;2021(P);2.041.220
21 Huelva;O_U. Administración pública y defensa, seguridad social obligatoria, educación, actividades sanitarias y de servicios sociales, actividades artísticas, recreativas y de entretenimiento, reparación de artículos de uso doméstico y otros servicios;2021(P);2.396.255
21 Huelva;Valor añadido bruto total;2021(P);9.737.824
21 Huelva;Impuestos netos sobre los productos;2021(P);1.025.311
21 Huelva;PRODUCTO INTERIOR BRUTO A PRECIOS DE MERCADO;2021(P);10.763.135
22 Huesca;PRODUCTO INTERIOR BRUTO A PRECIOS DE MERCADO;2021(P);6.802.388
22 Huesca;A. Agricultura, ganadería, silvicultura y pesca;2021(P);972.723
22 Huesca;B_E. Industrias extractivas, industria manufacturera, suministro de energía eléctrica, gas, vapor y aire acondicionado, suministro de agua, actividades de saneamiento, gestión de residuos y descontaminación;2021(P);1.105.405
22 Huesca;C. - De las cuales: Industria manufacturera;2021(P);867.271
22 Huesca;F. Construcción;2021(P);442.920
22 Huesca;G_J. Comercio al por mayor y al por menor, reparación de vehículos de motor y motocicletas, transporte y almacenamiento, hostelería, información y comunicaciones;2021(P);1.275.846
22 Huesca;K_N. Actividades financieras y de seguros, actividades inmobiliarias, actividades profesionales, científicas y técnicas, actividades administrativas y servicios auxiliares;2021(P);1.055.854
22 Huesca;O_U. Administración pública y defensa, seguridad social obligatoria, educación, actividades sanitarias y de servicios sociales, actividades artísticas, recreativas y de entretenimiento, reparación de artículos de uso doméstico y otros servicios;2021(P);1.301.635
22 Huesca;Valor añadido bruto total;2021(P);6.154.383
22 Huesca;Impuestos netos sobre los productos;2021(P);648.005
22 Huesca;PRODUCTO INTERIOR BRUTO A PRECIOS DE MERCADO;2021(P);6.802.388
23 Jaén;PRODUCTO INTERIOR BRUTO A PRECIOS DE MERCADO;2021(P);11.754.569
23 Jaén;A. Agricultura, ganadería, silvicultura y pesca;2021(P);1.535.182
23 Jaén;B_E. Industrias extractivas, industria manufacturera, suministro de energía eléctrica, gas, vapor y aire acondicionado, suministro de agua, actividades de saneamiento, gestión de residuos y descontaminación;2021(P);1.362.513
23 Jaén;C. - De las cuales: Industria manufacturera;2021(P);1.182.833
23 Jaén;F. Construcción;2021(P);596.843
23 Jaén;G_J. Comercio al por mayor y al por menor, reparación de vehículos de motor y motocicletas, transporte y almacenamiento, hostelería, información y comunicaciones;2021(P);1.900.108
23 Jaén;K_N. Actividades financieras y de seguros, actividades inmobiliarias, actividades profesionales, científicas y técnicas, actividades administrativas y servicios auxiliares;2021(P);2.144.868
23 Jaén;O_U. Administración pública y defensa, seguridad social obligatoria, educación, actividades sanitarias y de servicios sociales, actividades artísticas, recreativas y de entretenimiento, reparación de artículos de uso doméstico y otros servicios;2021(P);3.095.299
23 Jaén;Valor añadido bruto total;2021(P);10.634.813
23 Jaén;Impuestos netos sobre los productos;2021(P);1.119.756
23 Jaén;PRODUCTO INTERIOR BRUTO A PRECIOS DE MERCADO;2021(P);11.754.569
24 León;PRODUCTO INTERIOR BRUTO A PRECIOS DE MERCADO;2021(P);10.224.642
24 León;A. Agricultura, ganadería, silvicultura y pesca;2021(P);487.420
24 León;B_E. Industrias extractivas, industria manufacturera, suministro de energía eléctrica, gas, vapor y aire acondicionado, suministro de agua, actividades de saneamiento, gestión de residuos y descontaminación;2021(P);1.524.493
24 León;C. - De las cuales: Industria manufacturera;2021(P);1.016.874
24 León;F. Construcción;2021(P);587.871
24 León;G_J. Comercio al por mayor y al por menor, reparación de vehículos de motor y motocicletas, transporte y almacenamiento, hostelería, información y comunicaciones;2021(P);2.188.755
24 León;K_N. Actividades financieras y de seguros, actividades inmobiliarias, actividades profesionales, científicas y técnicas, actividades administrativas y servicios auxiliares;2021(P);2.139.793
24 León;O_U. Administración pública y defensa, seguridad social obligatoria, educación, actividades sanitarias y de servicios sociales, actividades artísticas, recreativas y de entretenimiento, reparación de artículos de uso doméstico y otros servicios;2021(P);2.322.297
24 León;Valor añadido bruto total;2021(P);9.250.629
24 León;Impuestos netos sobre los productos;2021(P);974.013
24 León;PRODUCTO INTERIOR BRUTO A PRECIOS DE MERCADO;2021(P);10.224.642
25 Lleida;PRODUCTO INTERIOR BRUTO A PRECIOS DE MERCADO;2021(P);12.558.913
25 Lleida;A. Agricultura, ganadería, silvicultura y pesca;2021(P);734.891
25 Lleida;B_E. Industrias extractivas, industria manufacturera, suministro de energía eléctrica, gas, vapor y aire acondicionado, suministro de agua, actividades de saneamiento, gestión de residuos y descontaminación;2021(P);1.433.652
25 Lleida;C. - De las cuales: Industria manufacturera;2021(P);1.010.745
25 Lleida;F. Construcción;2021(P);641.829
25 Lleida;G_J. Comercio al por mayor y al por menor, reparación de vehículos de motor y motocicletas, transporte y almacenamiento, hostelería, información y comunicaciones;2021(P);3.416.722
25 Lleida;K_N. Actividades financieras y de seguros, actividades inmobiliarias, actividades profesionales, científicas y técnicas, actividades administrativas y servicios auxiliares;2021(P);2.360.633
25 Lleida;O_U. Administración pública y defensa, seguridad social obligatoria, educación, actividades sanitarias y de servicios sociales, actividades artísticas, recreativas y de entretenimiento, reparación de artículos de uso doméstico y otros servicios;2021(P);2.774.807
25 Lleida;Valor añadido bruto total;2021(P);11.362.534
25 Lleida;Impuestos netos sobre los productos;2021(P);1.196.379
25 Lleida;PRODUCTO INTERIOR BRUTO A PRECIOS DE MERCADO;2021(P);12.558.913
27 Lugo;PRODUCTO INTERIOR BRUTO A PRECIOS DE MERCADO;2021(P);7.395.362
27 Lugo;A. Agricultura, ganadería, silvicultura y pesca;2021(P);647.279
27 Lugo;B_E. Industrias extractivas, industria manufacturera, suministro de energía eléctrica, gas, vapor y aire acondicionado, suministro de agua, actividades de saneamiento, gestión de residuos y descontaminación;2021(P);866.820
27 Lugo;C. - De las cuales: Industria manufacturera;2021(P);475.584
27 Lugo;F. Construcción;2021(P);399.301
27 Lugo;G_J. Comercio al por mayor y al por menor, reparación de vehículos de motor y motocicletas, transporte y almacenamiento, hostelería, información y comunicaciones;2021(P);1.781.960
27 Lugo;K_N. Actividades financieras y de seguros, actividades inmobiliarias, actividades profesionales, científicas y técnicas, actividades administrativas y servicios auxiliares;2021(P);1.294.058
27 Lugo;O_U. Administración pública y defensa, seguridad social obligatoria, educación, actividades sanitarias y de servicios sociales, actividades artísticas, recreativas y de entretenimiento, reparación de artículos de uso doméstico y otros servicios;2021(P);1.701.452
27 Lugo;Valor añadido bruto total;2021(P);6.690.870
27 Lugo;Impuestos netos sobre los productos;2021(P);704.492
27 Lugo;PRODUCTO INTERIOR BRUTO A PRECIOS DE MERCADO;2021(P);7.395.362
28 Madrid;PRODUCTO INTERIOR BRUTO A PRECIOS DE MERCADO;2021(P);237.540.292
28 Madrid;A. Agricultura, ganadería, silvicultura y pesca;2021(P);162.499
28 Madrid;B_E. Industrias extractivas, industria manufacturera, suministro de energía eléctrica, gas, vapor y aire acondicionado, suministro de agua, actividades de saneamiento, gestión de residuos y descontaminación;2021(P);23.091.420
28 Madrid;C. - De las cuales: Industria manufacturera;2021(P);13.175.614
28 Madrid;F. Construcción;2021(P);9.638.924
28 Madrid;G_J. Comercio al por mayor y al por menor, reparación de vehículos de motor y motocicletas, transporte y almacenamiento, hostelería, información y comunicaciones;2021(P);68.316.587
28 Madrid;K_N. Actividades financieras y de seguros, actividades inmobiliarias, actividades profesionales, científicas y técnicas, actividades administrativas y servicios auxiliares;2021(P);68.867.253
28 Madrid;O_U. Administración pública y defensa, seguridad social obligatoria, educación, actividades sanitarias y de servicios sociales, actividades artísticas, recreativas y de entretenimiento, reparación de artículos de uso doméstico y otros servicios;2021(P);44.835.198
28 Madrid;Valor añadido bruto total;2021(P);214.911.881
28 Madrid;Impuestos netos sobre los productos;2021(P);22.628.411
28 Madrid;PRODUCTO INTERIOR BRUTO A PRECIOS DE MERCADO;2021(P);237.540.292
29 Málaga;PRODUCTO INTERIOR BRUTO A PRECIOS DE MERCADO;2021(P);30.776.021
29 Málaga;A. Agricultura, ganadería, silvicultura y pesca;2021(P);741.095
29 Málaga;B_E. Industrias extractivas, industria manufacturera, suministro de energía eléctrica, gas, vapor y aire acondicionado, suministro de agua, actividades de saneamiento, gestión de residuos y descontaminación;2021(P);1.399.899
29 Málaga;C. - De las cuales: Industria manufacturera;2021(P);781.474
29 Málaga;F. Construcción;2021(P);2.484.676
29 Málaga;G_J. Comercio al por mayor y al por menor, reparación de vehículos de motor y motocicletas, transporte y almacenamiento, hostelería, información y comunicaciones;2021(P);7.893.378
29 Málaga;K_N. Actividades financieras y de seguros, actividades inmobiliarias, actividades profesionales, científicas y técnicas, actividades administrativas y servicios auxiliares;2021(P);8.534.746
29 Málaga;O_U. Administración pública y defensa, seguridad social obligatoria, educación, actividades sanitarias y de servicios sociales, actividades artísticas, recreativas y de entretenimiento, reparación de artículos de uso doméstico y otros servicios;2021(P);6.790.462
29 Málaga;Valor añadido bruto total;2021(P);27.844.256
29 Málaga;Impuestos netos sobre los productos;2021(P);2.931.765
29 Málaga;PRODUCTO INTERIOR BRUTO A PRECIOS DE MERCADO;2021(P);30.776.021
30 Murcia;PRODUCTO INTERIOR BRUTO A PRECIOS DE MERCADO;2021(P);32.719.230
30 Murcia;A. Agricultura, ganadería, silvicultura y pesca;2021(P);1.555.680
30 Murcia;B_E. Industrias extractivas, industria manufacturera, suministro de energía eléctrica, gas, vapor y aire acondicionado, suministro de agua, actividades de saneamiento, gestión de residuos y descontaminación;2021(P);5.608.933
30 Murcia;C. - De las cuales: Industria manufacturera;2021(P);4.275.150
30 Murcia;F. Construcción;2021(P);1.705.143
30 Murcia;G_J. Comercio al por mayor y al por menor, reparación de vehículos de motor y motocicletas, transporte y almacenamiento, hostelería, información y comunicaciones;2021(P);7.516.651
30 Murcia;K_N. Actividades financieras y de seguros, actividades inmobiliarias, actividades profesionales, científicas y técnicas, actividades administrativas y servicios auxiliares;2021(P);6.215.565
30 Murcia;O_U. Administración pública y defensa, seguridad social obligatoria, educación, actividades sanitarias y de servicios sociales, actividades artísticas, recreativas y de entretenimiento, reparación de artículos de uso doméstico y otros servicios;2021(P);7.000.380
30 Murcia;Valor añadido bruto total;2021(P);29.602.352
30 Murcia;Impuestos netos sobre los productos;2021(P);3.116.878
30 Murcia;PRODUCTO INTERIOR BRUTO A PRECIOS DE MERCADO;2021(P);32.719.230
31 Navarra;PRODUCTO INTERIOR BRUTO A PRECIOS DE MERCADO;2021(P);20.518.471
31 Navarra;A. Agricultura, ganadería, silvicultura y pesca;2021(P);715.214
31 Navarra;B_E. Industrias extractivas, industria manufacturera, suministro de energía eléctrica, gas, vapor y aire acondicionado, suministro de agua, actividades de saneamiento, gestión de residuos y descontaminación;2021(P);5.498.025
31 Navarra;C. - De las cuales: Industria manufacturera;2021(P);4.752.883
31 Navarra;F. Construcción;2021(P);1.046.069
31 Navarra;G_J. Comercio al por mayor y al por menor, reparación de vehículos de motor y motocicletas, transporte y almacenamiento, hostelería, información y comunicaciones;2021(P);3.751.217
31 Navarra;K_N. Actividades financieras y de seguros, actividades inmobiliarias, actividades profesionales, científicas y técnicas, actividades administrativas y servicios auxiliares;2021(P);3.620.392
31 Navarra;O_U. Administración pública y defensa, seguridad social obligatoria, educación, actividades sanitarias y de servicios sociales, actividades artísticas, recreativas y de entretenimiento, reparación de artículos de uso doméstico y otros servicios;2021(P);3.932.937
31 Navarra;Valor añadido bruto total;2021(P);18.563.854
31 Navarra;Impuestos netos sobre los productos;2021(P);1.954.617
31 Navarra;PRODUCTO INTERIOR BRUTO A PRECIOS DE MERCADO;2021(P);20.518.471
32 Ourense;PRODUCTO INTERIOR BRUTO A PRECIOS DE MERCADO;2021(P);7.104.228
32 Ourense;A. Agricultura, ganadería, silvicultura y pesca;2021(P);382.289
32 Ourense;B_E. Industrias extractivas, industria manufacturera, suministro de energía eléctrica, gas, vapor y aire acondicionado, suministro de agua, actividades de saneamiento, gestión de residuos y descontaminación;2021(P);1.392.490
32 Ourense;C. - De las cuales: Industria manufacturera;2021(P);682.035
32 Ourense;F. Construcción;2021(P);426.962
32 Ourense;G_J. Comercio al por mayor y al por menor, reparación de vehículos de motor y motocicletas, transporte y almacenamiento, hostelería, información y comunicaciones;2021(P);1.483.127
32 Ourense;K_N. Actividades financieras y de seguros, actividades inmobiliarias, actividades profesionales, científicas y técnicas, actividades administrativas y servicios auxiliares;2021(P);1.188.820
32 Ourense;O_U. Administración pública y defensa, seguridad social obligatoria, educación, actividades sanitarias y de servicios sociales, actividades artísticas, recreativas y de entretenimiento, reparación de artículos de uso doméstico y otros servicios;2021(P);1.553.782
32 Ourense;Valor añadido bruto total;2021(P);6.427.470
32 Ourense;Impuestos netos sobre los productos;2021(P);676.758
32 Ourense;PRODUCTO INTERIOR BRUTO A PRECIOS DE MERCADO;2021(P);7.104.228
34 Palencia;PRODUCTO INTERIOR BRUTO A PRECIOS DE MERCADO;2021(P);4.303.764
34 Palencia;A. Agricultura, ganadería, silvicultura y pesca;2021(P);348.625
34 Palencia;B_E. Industrias extractivas, industria manufacturera, suministro de energía eléctrica, gas, vapor y aire acondicionado, suministro de agua, actividades de saneamiento, gestión de residuos y descontaminación;2021(P);1.089.346
34 Palencia;C. - De las cuales: Industria manufacturera;2021(P);934.598
34 Palencia;F. Construcción;2021(P);195.647
34 Palencia;G_J. Comercio al por mayor y al por menor, reparación de vehículos de motor y motocicletas, transporte y almacenamiento, hostelería, información y comunicaciones;2021(P);616.051
34 Palencia;K_N. Actividades financieras y de seguros, actividades inmobiliarias, actividades profesionales, científicas y técnicas, actividades administrativas y servicios auxiliares;2021(P);727.306
34 Palencia;O_U. Administración pública y defensa, seguridad social obligatoria, educación, actividades sanitarias y de servicios sociales, actividades artísticas, recreativas y de entretenimiento, reparación de artículos de uso doméstico y otros servicios;2021(P);916.807
34 Palencia;Valor añadido bruto total;2021(P);3.893.782
34 Palencia;Impuestos netos sobre los productos;2021(P);409.982
34 Palencia;PRODUCTO INTERIOR BRUTO A PRECIOS DE MERCADO;2021(P);4.303.764
35 Palmas, Las;PRODUCTO INTERIOR BRUTO A PRECIOS DE MERCADO;2021(P);22.056.871
35 Palmas, Las;A. Agricultura, ganadería, silvicultura y pesca;2021(P);247.736
35 Palmas, Las;B_E. Industrias extractivas, industria manufacturera, suministro de energía eléctrica, gas, vapor y aire acondicionado, suministro de agua, actividades de saneamiento, gestión de residuos y descontaminación;2021(P);1.514.492
35 Palmas, Las;C. - De las cuales: Industria manufacturera;2021(P);719.414
35 Palmas, Las;F. Construcción;2021(P);1.273.844
35 Palmas, Las;G_J. Comercio al por mayor y al por menor, reparación de vehículos de motor y motocicletas, transporte y almacenamiento, hostelería, información y comunicaciones;2021(P);6.618.825
35 Palmas, Las;K_N. Actividades financieras y de seguros, actividades inmobiliarias, actividades profesionales, científicas y técnicas, actividades administrativas y servicios auxiliares;2021(P);4.935.073
35 Palmas, Las;O_U. Administración pública y defensa, seguridad social obligatoria, educación, actividades sanitarias y de servicios sociales, actividades artísticas, recreativas y de entretenimiento, reparación de artículos de uso doméstico y otros servicios;2021(P);5.365.733
35 Palmas, Las;Valor añadido bruto total;2021(P);19.955.703
35 Palmas, Las;Impuestos netos sobre los productos;2021(P);2.101.168
35 Palmas, Las;PRODUCTO INTERIOR BRUTO A PRECIOS DE MERCADO;2021(P);22.056.871
36 Pontevedra;PRODUCTO INTERIOR BRUTO A PRECIOS DE MERCADO;2021(P);21.988.329
36 Pontevedra;A. Agricultura, ganadería, silvicultura y pesca;2021(P);742.360
36 Pontevedra;B_E. Industrias extractivas, industria manufacturera, suministro de energía eléctrica, gas, vapor y aire acondicionado, suministro de agua, actividades de saneamiento, gestión de residuos y descontaminación;2021(P);4.744.084
36 Pontevedra;C. - De las cuales: Industria manufacturera;2021(P);4.316.195
36 Pontevedra;F. Construcción;2021(P);1.168.637
36 Pontevedra;G_J. Comercio al por mayor y al por menor, reparación de vehículos de motor y motocicletas, transporte y almacenamiento, hostelería, información y comunicaciones;2021(P);4.885.776
36 Pontevedra;K_N. Actividades financieras y de seguros, actividades inmobiliarias, actividades profesionales, científicas y técnicas, actividades administrativas y servicios auxiliares;2021(P);4.299.973
36 Pontevedra;O_U. Administración pública y defensa, seguridad social obligatoria, educación, actividades sanitarias y de servicios sociales, actividades artísticas, recreativas y de entretenimiento, reparación de artículos de uso doméstico y otros servicios;2021(P);4.052.861
36 Pontevedra;Valor añadido bruto total;2021(P);19.893.691
36 Pontevedra;Impuestos netos sobre los productos;2021(P);2.094.638
36 Pontevedra;PRODUCTO INTERIOR BRUTO A PRECIOS DE MERCADO;2021(P);21.988.329
26 Rioja, La;PRODUCTO INTERIOR BRUTO A PRECIOS DE MERCADO;2021(P);8.619.779
26 Rioja, La;A. Agricultura, ganadería, silvicultura y pesca;2021(P);476.624
26 Rioja, La;B_E. Industrias extractivas, industria manufacturera, suministro de energía eléctrica, gas, vapor y aire acondicionado, suministro de agua, actividades de saneamiento, gestión de residuos y descontaminación;2021(P);1.987.268
26 Rioja, La;C. - De las cuales: Industria manufacturera;2021(P);1.687.784
26 Rioja, La;F. Construcción;2021(P);438.925
26 Rioja, La;G_J. Comercio al por mayor y al por menor, reparación de vehículos de motor y motocicletas, transporte y almacenamiento, hostelería, información y comunicaciones;2021(P);1.560.662
26 Rioja, La;K_N. Actividades financieras y de seguros, actividades inmobiliarias, actividades profesionales, científicas y técnicas, actividades administrativas y servicios auxiliares;2021(P);1.579.983
26 Rioja, La;O_U. Administración pública y defensa, seguridad social obligatoria, educación, actividades sanitarias y de servicios sociales, actividades artísticas, recreativas y de entretenimiento, reparación de artículos de uso doméstico y otros servicios;2021(P);1.755.185
26 Rioja, La;Valor añadido bruto total;2021(P);7.798.647
26 Rioja, La;Impuestos netos sobre los productos;2021(P);821.132
26 Rioja, La;PRODUCTO INTERIOR BRUTO A PRECIOS DE MERCADO;2021(P);8.619.779
37 Salamanca;PRODUCTO INTERIOR BRUTO A PRECIOS DE MERCADO;2021(P);7.289.859
37 Salamanca;A. Agricultura, ganadería, silvicultura y pesca;2021(P);348.499
37 Salamanca;B_E. Industrias extractivas, industria manufacturera, suministro de energía eléctrica, gas, vapor y aire acondicionado, suministro de agua, actividades de saneamiento, gestión de residuos y descontaminación;2021(P);851.691
37 Salamanca;C. - De las cuales: Industria manufacturera;2021(P);518.924
37 Salamanca;F. Construcción;2021(P);410.569
37 Salamanca;G_J. Comercio al por mayor y al por menor, reparación de vehículos de motor y motocicletas, transporte y almacenamiento, hostelería, información y comunicaciones;2021(P);1.557.796
37 Salamanca;K_N. Actividades financieras y de seguros, actividades inmobiliarias, actividades profesionales, científicas y técnicas, actividades administrativas y servicios auxiliares;2021(P);1.470.694
37 Salamanca;O_U. Administración pública y defensa, seguridad social obligatoria, educación, actividades sanitarias y de servicios sociales, actividades artísticas, recreativas y de entretenimiento, reparación de artículos de uso doméstico y otros servicios;2021(P);1.956.168
37 Salamanca;Valor añadido bruto total;2021(P);6.595.417
37 Salamanca;Impuestos netos sobre los productos;2021(P);694.442
37 Salamanca;PRODUCTO INTERIOR BRUTO A PRECIOS DE MERCADO;2021(P);7.289.859
38 Santa Cruz de Tenerife;PRODUCTO INTERIOR BRUTO A PRECIOS DE MERCADO;2021(P);20.786.249
38 Santa Cruz de Tenerife;A. Agricultura, ganadería, silvicultura y pesca;2021(P);483.802
38 Santa Cruz de Tenerife;B_E. Industrias extractivas, industria manufacturera, suministro de energía eléctrica, gas, vapor y aire acondicionado, suministro de agua, actividades de saneamiento, gestión de residuos y descontaminación;2021(P);1.209.138
38 Santa Cruz de Tenerife;C. - De las cuales: Industria manufacturera;2021(P);457.525
38 Santa Cruz de Tenerife;F. Construcción;2021(P);1.120.681
38 Santa Cruz de Tenerife;G_J. Comercio al por mayor y al por menor, reparación de vehículos de motor y motocicletas, transporte y almacenamiento, hostelería, información y comunicaciones;2021(P);5.416.038
38 Santa Cruz de Tenerife;K_N. Actividades financieras y de seguros, actividades inmobiliarias, actividades profesionales, científicas y técnicas, actividades administrativas y servicios auxiliares;2021(P);4.819.924
38 Santa Cruz de Tenerife;O_U. Administración pública y defensa, seguridad social obligatoria, educación, actividades sanitarias y de servicios sociales, actividades artísticas, recreativas y de entretenimiento, reparación de artículos de uso doméstico y otros servicios;2021(P);5.756.540
38 Santa Cruz de Tenerife;Valor añadido bruto total;2021(P);18.806.123
38 Santa Cruz de Tenerife;Impuestos netos sobre los productos;2021(P);1.980.126
38 Santa Cruz de Tenerife;PRODUCTO INTERIOR BRUTO A PRECIOS DE MERCADO;2021(P);20.786.249
40 Segovia;PRODUCTO INTERIOR BRUTO A PRECIOS DE MERCADO;2021(P);3.460.982
40 Segovia;A. Agricultura, ganadería, silvicultura y pesca;2021(P);232.663
40 Segovia;B_E. Industrias extractivas, industria manufacturera, suministro de energía eléctrica, gas, vapor y aire acondicionado, suministro de agua, actividades de saneamiento, gestión de residuos y descontaminación;2021(P);368.098
40 Segovia;C. - De las cuales: Industria manufacturera;2021(P);263.149
40 Segovia;F. Construcción;2021(P);243.548
40 Segovia;G_J. Comercio al por mayor y al por menor, reparación de vehículos de motor y motocicletas, transporte y almacenamiento, hostelería, información y comunicaciones;2021(P);741.167
40 Segovia;K_N. Actividades financieras y de seguros, actividades inmobiliarias, actividades profesionales, científicas y técnicas, actividades administrativas y servicios auxiliares;2021(P);697.627
40 Segovia;O_U. Administración pública y defensa, seguridad social obligatoria, educación, actividades sanitarias y de servicios sociales, actividades artísticas, recreativas y de entretenimiento, reparación de artículos de uso doméstico y otros servicios;2021(P);848.181
40 Segovia;Valor añadido bruto total;2021(P);3.131.284
40 Segovia;Impuestos netos sobre los productos;2021(P);329.698
40 Segovia;PRODUCTO INTERIOR BRUTO A PRECIOS DE MERCADO;2021(P);3.460.982
41 Sevilla;PRODUCTO INTERIOR BRUTO A PRECIOS DE MERCADO;2021(P);40.657.710
41 Sevilla;A. Agricultura, ganadería, silvicultura y pesca;2021(P);2.082.124
41 Sevilla;B_E. Industrias extractivas, industria manufacturera, suministro de energía eléctrica, gas, vapor y aire acondicionado, suministro de agua, actividades de saneamiento, gestión de residuos y descontaminación;2021(P);5.575.536
41 Sevilla;C. - De las cuales: Industria manufacturera;2021(P);3.332.648
41 Sevilla;F. Construcción;2021(P);2.056.824
41 Sevilla;G_J. Comercio al por mayor y al por menor, reparación de vehículos de motor y motocicletas, transporte y almacenamiento, hostelería, información y comunicaciones;2021(P);8.375.772
41 Sevilla;K_N. Actividades financieras y de seguros, actividades inmobiliarias, actividades profesionales, científicas y técnicas, actividades administrativas y servicios auxiliares;2021(P);8.537.199
41 Sevilla;O_U. Administración pública y defensa, seguridad social obligatoria, educación, actividades sanitarias y de servicios sociales, actividades artísticas, recreativas y de entretenimiento, reparación de artículos de uso doméstico y otros servicios;2021(P);10.157.146
41 Sevilla;Valor añadido bruto total;2021(P);36.784.601
41 Sevilla;Impuestos netos sobre los productos;2021(P);3.873.109
41 Sevilla;PRODUCTO INTERIOR BRUTO A PRECIOS DE MERCADO;2021(P);40.657.710
42 Soria;PRODUCTO INTERIOR BRUTO A PRECIOS DE MERCADO;2021(P);2.531.565
42 Soria;A. Agricultura, ganadería, silvicultura y pesca;2021(P);226.938
42 Soria;B_E. Industrias extractivas, industria manufacturera, suministro de energía eléctrica, gas, vapor y aire acondicionado, suministro de agua, actividades de saneamiento, gestión de residuos y descontaminación;2021(P);591.689
42 Soria;C. - De las cuales: Industria manufacturera;2021(P);472.628
42 Soria;F. Construcción;2021(P);138.512
42 Soria;G_J. Comercio al por mayor y al por menor, reparación de vehículos de motor y motocicletas, transporte y almacenamiento, hostelería, información y comunicaciones;2021(P);427.380
42 Soria;K_N. Actividades financieras y de seguros, actividades inmobiliarias, actividades profesionales, científicas y técnicas, actividades administrativas y servicios auxiliares;2021(P);362.182
42 Soria;O_U. Administración pública y defensa, seguridad social obligatoria, educación, actividades sanitarias y de servicios sociales, actividades artísticas, recreativas y de entretenimiento, reparación de artículos de uso doméstico y otros servicios;2021(P);543.704
42 Soria;Valor añadido bruto total;2021(P);2.290.405
42 Soria;Impuestos netos sobre los productos;2021(P);241.160
42 Soria;PRODUCTO INTERIOR BRUTO A PRECIOS DE MERCADO;2021(P);2.531.565
43 Tarragona;PRODUCTO INTERIOR BRUTO A PRECIOS DE MERCADO;2021(P);24.421.364
43 Tarragona;A. Agricultura, ganadería, silvicultura y pesca;2021(P);304.144
43 Tarragona;B_E. Industrias extractivas, industria manufacturera, suministro de energía eléctrica, gas, vapor y aire acondicionado, suministro de agua, actividades de saneamiento, gestión de residuos y descontaminación;2021(P);6.058.988
43 Tarragona;C. - De las cuales: Industria manufacturera;2021(P);4.432.889
43 Tarragona;F. Construcción;2021(P);1.137.251
43 Tarragona;G_J. Comercio al por mayor y al por menor, reparación de vehículos de motor y motocicletas, transporte y almacenamiento, hostelería, información y comunicaciones;2021(P);4.775.156
43 Tarragona;K_N. Actividades financieras y de seguros, actividades inmobiliarias, actividades profesionales, científicas y técnicas, actividades administrativas y servicios auxiliares;2021(P);5.643.875
43 Tarragona;O_U. Administración pública y defensa, seguridad social obligatoria, educación, actividades sanitarias y de servicios sociales, actividades artísticas, recreativas y de entretenimiento, reparación de artículos de uso doméstico y otros servicios;2021(P);4.175.538
43 Tarragona;Valor añadido bruto total;2021(P);22.094.952
43 Tarragona;Impuestos netos sobre los productos;2021(P);2.326.412
43 Tarragona;PRODUCTO INTERIOR BRUTO A PRECIOS DE MERCADO;2021(P);24.421.364
44 Teruel;PRODUCTO INTERIOR BRUTO A PRECIOS DE MERCADO;2021(P);3.460.089
44 Teruel;A. Agricultura, ganadería, silvicultura y pesca;2021(P);240.062
44 Teruel;B_E. Industrias extractivas, industria manufacturera, suministro de energía eléctrica, gas, vapor y aire acondicionado, suministro de agua, actividades de saneamiento, gestión de residuos y descontaminación;2021(P);514.273
44 Teruel;C. - De las cuales: Industria manufacturera;2021(P);290.373
44 Teruel;F. Construcción;2021(P);235.976
44 Teruel;G_J. Comercio al por mayor y al por menor, reparación de vehículos de motor y motocicletas, transporte y almacenamiento, hostelería, información y comunicaciones;2021(P);688.024
44 Teruel;K_N. Actividades financieras y de seguros, actividades inmobiliarias, actividades profesionales, científicas y técnicas, actividades administrativas y servicios auxiliares;2021(P);551.729
44 Teruel;O_U. Administración pública y defensa, seguridad social obligatoria, educación, actividades sanitarias y de servicios sociales, actividades artísticas, recreativas y de entretenimiento, reparación de artículos de uso doméstico y otros servicios;2021(P);900.412
44 Teruel;Valor añadido bruto total;2021(P);3.130.476
44 Teruel;Impuestos netos sobre los productos;2021(P);329.613
44 Teruel;PRODUCTO INTERIOR BRUTO A PRECIOS DE MERCADO;2021(P);3.460.089
45 Toledo;PRODUCTO INTERIOR BRUTO A PRECIOS DE MERCADO;2021(P);13.258.842
45 Toledo;A. Agricultura, ganadería, silvicultura y pesca;2021(P);728.117
45 Toledo;B_E. Industrias extractivas, industria manufacturera, suministro de energía eléctrica, gas, vapor y aire acondicionado, suministro de agua, actividades de saneamiento, gestión de residuos y descontaminación;2021(P);2.569.685
45 Toledo;C. - De las cuales: Industria manufacturera;2021(P);2.074.329
45 Toledo;F. Construcción;2021(P);897.664
45 Toledo;G_J. Comercio al por mayor y al por menor, reparación de vehículos de motor y motocicletas, transporte y almacenamiento, hostelería, información y comunicaciones;2021(P);2.331.401
45 Toledo;K_N. Actividades financieras y de seguros, actividades inmobiliarias, actividades profesionales, científicas y técnicas, actividades administrativas y servicios auxiliares;2021(P);2.364.247
45 Toledo;O_U. Administración pública y defensa, seguridad social obligatoria, educación, actividades sanitarias y de servicios sociales, actividades artísticas, recreativas y de entretenimiento, reparación de artículos de uso doméstico y otros servicios;2021(P);3.104.673
45 Toledo;Valor añadido bruto total;2021(P);11.995.787
45 Toledo;Impuestos netos sobre los productos;2021(P);1.263.055
45 Toledo;PRODUCTO INTERIOR BRUTO A PRECIOS DE MERCADO;2021(P);13.258.842
46 Valencia/València;PRODUCTO INTERIOR BRUTO A PRECIOS DE MERCADO;2021(P);61.410.589
46 Valencia/València;A. Agricultura, ganadería, silvicultura y pesca;2021(P);1.216.902
46 Valencia/València;B_E. Industrias extractivas, industria manufacturera, suministro de energía eléctrica, gas, vapor y aire acondicionado, suministro de agua, actividades de saneamiento, gestión de residuos y descontaminación;2021(P);11.624.507
46 Valencia/València;C. - De las cuales: Industria manufacturera;2021(P);8.488.474
46 Valencia/València;F. Construcción;2021(P);3.179.743
46 Valencia/València;G_J. Comercio al por mayor y al por menor, reparación de vehículos de motor y motocicletas, transporte y almacenamiento, hostelería, información y comunicaciones;2021(P);13.611.449
46 Valencia/València;K_N. Actividades financieras y de seguros, actividades inmobiliarias, actividades profesionales, científicas y técnicas, actividades administrativas y servicios auxiliares;2021(P);13.769.682
46 Valencia/València;O_U. Administración pública y defensa, seguridad social obligatoria, educación, actividades sanitarias y de servicios sociales, actividades artísticas, recreativas y de entretenimiento, reparación de artículos de uso doméstico y otros servicios;2021(P);12.158.250
46 Valencia/València;Valor añadido bruto total;2021(P);55.560.533
46 Valencia/València;Impuestos netos sobre los productos;2021(P);5.850.056
46 Valencia/València;PRODUCTO INTERIOR BRUTO A PRECIOS DE MERCADO;2021(P);61.410.589
47 Valladolid;PRODUCTO INTERIOR BRUTO A PRECIOS DE MERCADO;2021(P);14.293.892
47 Valladolid;A. Agricultura, ganadería, silvicultura y pesca;2021(P);552.661
47 Valladolid;B_E. Industrias extractivas, industria manufacturera, suministro de energía eléctrica, gas, vapor y aire acondicionado, suministro de agua, actividades de saneamiento, gestión de residuos y descontaminación;2021(P);3.213.771
47 Valladolid;C. - De las cuales: Industria manufacturera;2021(P);2.592.996
47 Valladolid;F. Construcción;2021(P);656.713
47 Valladolid;G_J. Comercio al por mayor y al por menor, reparación de vehículos de motor y motocicletas, transporte y almacenamiento, hostelería, información y comunicaciones;2021(P);2.448.567
47 Valladolid;K_N. Actividades financieras y de seguros, actividades inmobiliarias, actividades profesionales, científicas y técnicas, actividades administrativas y servicios auxiliares;2021(P);2.781.737
47 Valladolid;O_U. Administración pública y defensa, seguridad social obligatoria, educación, actividades sanitarias y de servicios sociales, actividades artísticas, recreativas y de entretenimiento, reparación de artículos de uso doméstico y otros servicios;2021(P);3.278.787
47 Valladolid;Valor añadido bruto total;2021(P);12.932.236
47 Valladolid;Impuestos netos sobre los productos;2021(P);1.361.656
47 Valladolid;PRODUCTO INTERIOR BRUTO A PRECIOS DE MERCADO;2021(P);14.293.892
49 Zamora;PRODUCTO INTERIOR BRUTO A PRECIOS DE MERCADO;2021(P);3.582.273
49 Zamora;A. Agricultura, ganadería, silvicultura y pesca;2021(P);324.073
49 Zamora;B_E. Industrias extractivas, industria manufacturera, suministro de energía eléctrica, gas, vapor y aire acondicionado, suministro de agua, actividades de saneamiento, gestión de residuos y descontaminación;2021(P);375.372
49 Zamora;C. - De las cuales: Industria manufacturera;2021(P);144.241
49 Zamora;F. Construcción;2021(P);207.739
49 Zamora;G_J. Comercio al por mayor y al por menor, reparación de vehículos de motor y motocicletas, transporte y almacenamiento, hostelería, información y comunicaciones;2021(P);694.504
49 Zamora;K_N. Actividades financieras y de seguros, actividades inmobiliarias, actividades profesionales, científicas y técnicas, actividades administrativas y servicios auxiliares;2021(P);703.946
49 Zamora;O_U. Administración pública y defensa, seguridad social obligatoria, educación, actividades sanitarias y de servicios sociales, actividades artísticas, recreativas y de entretenimiento, reparación de artículos de uso doméstico y otros servicios;2021(P);935.387
49 Zamora;Valor añadido bruto total;2021(P);3.241.021
49 Zamora;Impuestos netos sobre los productos;2021(P);341.252
49 Zamora;PRODUCTO INTERIOR BRUTO A PRECIOS DE MERCADO;2021(P);3.582.273
50 Zaragoza;PRODUCTO INTERIOR BRUTO A PRECIOS DE MERCADO;2021(P);27.896.994
50 Zaragoza;A. Agricultura, ganadería, silvicultura y pesca;2021(P);1.038.888
50 Zaragoza;B_E. Industrias extractivas, industria manufacturera, suministro de energía eléctrica, gas, vapor y aire acondicionado, suministro de agua, actividades de saneamiento, gestión de residuos y descontaminación;2021(P);6.032.878
50 Zaragoza;C. - De las cuales: Industria manufacturera;2021(P);5.008.856
50 Zaragoza;F. Construcción;2021(P);1.284.516
50 Zaragoza;G_J. Comercio al por mayor y al por menor, reparación de vehículos de motor y motocicletas, transporte y almacenamiento, hostelería, información y comunicaciones;2021(P);5.500.071
50 Zaragoza;K_N. Actividades financieras y de seguros, actividades inmobiliarias, actividades profesionales, científicas y técnicas, actividades administrativas y servicios auxiliares;2021(P);5.652.200
50 Zaragoza;O_U. Administración pública y defensa, seguridad social obligatoria, educación, actividades sanitarias y de servicios sociales, actividades artísticas, recreativas y de entretenimiento, reparación de artículos de uso doméstico y otros servicios;2021(P);5.730.936
50 Zaragoza;Valor añadido bruto total;2021(P);25.239.489
50 Zaragoza;Impuestos netos sobre los productos;2021(P);2.657.505
50 Zaragoza;PRODUCTO INTERIOR BRUTO A PRECIOS DE MERCADO;2021(P);27.896.994
51 Ceuta;PRODUCTO INTERIOR BRUTO A PRECIOS DE MERCADO;2021(P);1.765.159
51 Ceuta;A. Agricultura, ganadería, silvicultura y pesca;2021(P);1.748
51 Ceuta;B_E. Industrias extractivas, industria manufacturera, suministro de energía eléctrica, gas, vapor y aire acondicionado, suministro de agua, actividades de saneamiento, gestión de residuos y descontaminación;2021(P);96.752
51 Ceuta;C. - De las cuales: Industria manufacturera;2021(P);22.099
51 Ceuta;F. Construcción;2021(P);73.384
51 Ceuta;G_J. Comercio al por mayor y al por menor, reparación de vehículos de motor y motocicletas, transporte y almacenamiento, hostelería, información y comunicaciones;2021(P);315.553
51 Ceuta;K_N. Actividades financieras y de seguros, actividades inmobiliarias, actividades profesionales, científicas y técnicas, actividades administrativas y servicios auxiliares;2021(P);268.574
51 Ceuta;O_U. Administración pública y defensa, seguridad social obligatoria, educación, actividades sanitarias y de servicios sociales, actividades artísticas, recreativas y de entretenimiento, reparación de artículos de uso doméstico y otros servicios;2021(P);840.997
51 Ceuta;Valor añadido bruto total;2021(P);1.597.008
51 Ceuta;Impuestos netos sobre los productos;2021(P);168.151
51 Ceuta;PRODUCTO INTERIOR BRUTO A PRECIOS DE MERCADO;2021(P);1.765.159
52 Melilla;PRODUCTO INTERIOR BRUTO A PRECIOS DE MERCADO;2021(P);1.616.543
52 Melilla;A. Agricultura, ganadería, silvicultura y pesca;2021(P);946
52 Melilla;B_E. Industrias extractivas, industria manufacturera, suministro de energía eléctrica, gas, vapor y aire acondicionado, suministro de agua, actividades de saneamiento, gestión de residuos y descontaminación;2021(P);68.466
52 Melilla;C. - De las cuales: Industria manufacturera;2021(P);14.252
52 Melilla;F. Construcción;2021(P);73.277
52 Melilla;G_J. Comercio al por mayor y al por menor, reparación de vehículos de motor y motocicletas, transporte y almacenamiento, hostelería, información y comunicaciones;2021(P);269.691
52 Melilla;K_N. Actividades financieras y de seguros, actividades inmobiliarias, actividades profesionales, científicas y técnicas, actividades administrativas y servicios auxiliares;2021(P);266.541
52 Melilla;O_U. Administración pública y defensa, seguridad social obligatoria, educación, actividades sanitarias y de servicios sociales, actividades artísticas, recreativas y de entretenimiento, reparación de artículos de uso doméstico y otros servicios;2021(P);783.628
52 Melilla;Valor añadido bruto total;2021(P);1.462.549
52 Melilla;Impuestos netos sobre los productos;2021(P);153.994
52 Melilla;PRODUCTO INTERIOR BRUTO A PRECIOS DE MERCADO;2021(P);1.616.543
